{"data_root": "/kaggle/input/datasets/abdallahalidev/plantvillage-dataset/segmented", "classes": ["Apple___Apple_scab", "Apple___Black_rot", "Apple___Cedar_apple_rust", "Apple___healthy", "Blueberry___healthy", "Cherry_(including_sour)___Powdery_mildew", "Cherry_(including_sour)___healthy", "Corn_(maize)___Cercospora_leaf_spot Gray_leaf_spot", "Corn_(maize)___Common_rust_", "Corn_(maize)___Northern_Leaf_Blight", "Corn_(maize)___healthy", "Grape___Black_rot", "Grape___Esca_(Black_Measles)", "Grape___Leaf_blight_(Isariopsis_Leaf_Spot)", "Grape___healthy", "Orange___Haunglongbing_(Citrus_greening)", "Peach___Bacterial_spot", "Peach___healthy", "Pepper,_bell___Bacterial_spot", "Pepper,_bell___healthy", "Potato___Early_blight", "Potato___Late_blight", "Potato___healthy", "Raspberry___healthy", "Soybean___healthy", "Squash___Powdery_mildew", "Strawberry___Leaf_scorch", "Strawberry___healthy", "Tomato___Bacterial_spot", "Tomato___Early_blight", "Tomato___Late_blight", "Tomato___Leaf_Mold", "Tomato___Septoria_leaf_spot", "Tomato___Spider_mites Two-spotted_spider_mite", "Tomato___Target_Spot", "Tomato___Tomato_Yellow_Leaf_Curl_Virus", "Tomato___Tomato_mosaic_virus", "Tomato___healthy"], "num_classes": 38, "img_size": 224, "batch_size": 64, "class_weights": [0.032825592905282974, 0.033301327377557755, 0.07520045340061188, 0.012571503408253193, 0.013768390752375126, 0.019657911732792854, 0.02421560138463974, 0.040312133729457855, 0.01734909787774086, 0.02099505066871643, 0.017797008156776428, 0.017525529488921165, 0.014942285604774952, 0.019219446927309036, 0.04888918250799179, 0.0037552432622760534, 0.009003101848065853, 0.05744479224085808, 0.020742351189255714, 0.013991964049637318, 0.020680125802755356, 0.020680125802755356, 0.1360534429550171, 0.0557415746152401, 0.004062892869114876, 0.011269822716712952, 0.018647542223334312, 0.04535115137696266, 0.009722672402858734, 0.020680125802755356, 0.010832962580025196, 0.02172281965613365, 0.011677088215947151, 0.012338976375758648, 0.014729432761669159, 0.003860392840579152, 0.0554426945745945, 0.012998192571103573], "train_size": 43444, "val_size": 5430, "test_size": 5432}